algorithm,similes,property,value
Tanimoto-distance,CCOc1ccc(N(CC(=O)NC2CCCCC2)C(=O)CCCC(=O)Nc2ccccn2)cc1,sol_time,948.0
Tanimoto-distance,CN1CCC(=C2c3ccccc3Oc3ccc(Cl)cc32)CC1,sol_time,997.0
Tanimoto-distance,COc1cc(O)c2c(=O)cc(-c3cc(O)c(O)cc3Cc3cccc(Cl)c3)oc2c1,sol_time,inf
Tanimoto-distance,N#CCCCSC(=S)n1ccnc1,sol_time,174.0
Tanimoto-distance,CSC(=O)C#CC(C)(C)N(C)Cc1ccccc1,sol_time,1667.0
Tanimoto-distance,CC(=O)Nc1nc(C)c(-c2nc(C(C)(C)CCO)no2)s1,sol_time,869.0
Tanimoto-distance,NC(=O)C(CCC(F)(F)F)N(CCc1ncon1)S(=O)(=O)c1ccc(Cl)cc1,sol_time,inf
Tanimoto-distance,NCC(=O)N1CC(N)CC1C(=O)NC(CCc1ccccc1)C(=O)Nc1ccc2ncccc2c1,sol_time,inf
Tanimoto-distance,CCN(CC)C(=O)c1ccc(N(c2cccc(OC)c2)C2CCN(CC=C(C)C)CC2C)cc1,sol_time,1350.0
Tanimoto-distance,N=C(N)NCCCC(NC(=O)CN1CCN(S(=O)(=O)c2ccc(-c3ccccn3)s2)CC1=O)C(=O)c1nccs1,sol_time,inf
Tanimoto-distance,Cc1nc(NC2CCCC2)c2nn(C)c(-c3ccc(Cl)cc3Cl)c2n1,sol_time,1790.0
Tanimoto-distance,C#CC(CC(=O)O)NC(=O)Cn1ccc2ccc(N3CCNCC3)cc2c1=O,sol_time,inf
Tanimoto-distance,O=c1c(C=NNc2nc(N3CCOCC3)c3ccsc3n2)coc2ccccc12,sol_time,682.0
Tanimoto-distance,O=C(NC1CCCCC1)C1Cc2c(sc3ccccc23)CN1,sol_time,263.0
Tanimoto-distance,O=C1CSC(C23CC4CC(CC(C4)C2)C3)N1CCN1CCCCC1,sol_time,386.0
Tanimoto-distance,O=C1c2cccc3cccc(c23)C(=O)N1CCN1CCN(CC(O)COCc2ccc(Cl)cc2)CC1,sol_time,921.0
Tanimoto-distance,COc1ccc2oc(NC3CCN(Cc4ccccc4)CC3)cc(=O)c2c1,sol_time,1324.0
Tanimoto-distance,Fc1cccc(CN2CCC(COc3nc4ccsc4n4cccc34)CC2)c1,sol_time,152.0
Tanimoto-distance,COCc1ccccc1C1C(C(=O)C(C)(C)C)C(=O)C(=O)N1c1ccc(-c2noc(C)n2)cc1,sol_time,263.0
Tanimoto-distance,CN(C(=O)c1ccccc1OC(F)(F)F)C1COc2nc([N+](=O)[O-])cn2C1,sol_time,782.0
Tanimoto-distance,O=C(NC1CC(Oc2ccc(-c3ccccc3)cc2)CC1O)C(c1ccccc1)c1ccccc1,sol_time,938.0
Tanimoto-distance,C=CC(=O)NCCCCC(NC(=O)OCc1ccc(C)cc1)C(=O)O,sol_time,311.0
Tanimoto-distance,Cc1cc(C=Nn2cnnc2)c(C)n1-c1cc(Cl)ccc1Cl,sol_time,inf
Tanimoto-distance,N#Cc1nc(N2CCC(S(=O)(=O)c3ccc(F)cc3Cl)C2)cc(C(F)(F)F)n1,sol_time,4537.0
Tanimoto-distance,CCCN(CCC1CCC(NS(=O)(=O)c2ccccc2)CC1)C1CCc2nc(N)sc2C1,sol_time,3717.0
Tanimoto-distance,O=C(O)c1cn(C2CC2c2ccccc2)c2cc(N3CCNCC3)c(F)cc2c1=O,sol_time,1021.0
Tanimoto-distance,CCc1c(C(=O)c2cccc3ccccc23)n(COCC=C(C)C)c(=O)[nH]c1=O,sol_time,970.0
Tanimoto-distance,COc1ccc(C(=O)Nc2cc(C(=O)NC(=N)N)ccc2OCCCN2CCN(Cc3ccc(OC)c(OC)c3OC)CC2)cc1,sol_time,inf
Tanimoto-distance,CC(C)CC(c1nnnn1C(C)C)N1CCN(C(=O)c2ccco2)CC1,sol_time,2918.0
Tanimoto-distance,CCNC(=O)c1noc(-c2cc(Cl)c(O)cc2O)c1-c1cccc(N2CCN(C(C)=O)CC2)c1,sol_time,751.0
Tanimoto-distance,CN(C)CCN1C(=O)c2c(c3c4ccccc4[nH]c3c3ccccc23)C1=O,sol_time,1222.0
Tanimoto-distance,COCc1cc(O)nc(N=C(N)Nc2ccc(C)cc2)n1,sol_time,inf
Tanimoto-distance,CCN(CC)CC#CCC1(O)c2ccccc2-c2ccccc21,sol_time,2437.0
Tanimoto-distance,CC1CCN(C(c2ccc(F)cn2)c2ccc(C(C)C(=O)O)cc2-c2ccc(C(F)(F)F)cc2)CC1,sol_time,211.0
Tanimoto-distance,Cn1cc(-c2ccc(-c3c4c(nn3C)CCc3cnc(Nc5cnn(Cc6ccncc6)c5)nc3-4)cc2)cn1,sol_time,inf
Tanimoto-distance,[O-][n+]1nc2c(I)cnn2c2cc(OCc3ccc(Cl)cc3)ccc21,sol_time,336.0
Tanimoto-distance,CCN1C(=O)c2cccc3c(S(=O)(=O)Nc4ccccn4)ccc1c23,sol_time,709.0
Tanimoto-distance,CCCCC(C=O)NC(=O)OC(CCC)Cc1ccccc1,sol_time,378.0
Tanimoto-distance,C=CCn1nc(Br)c2c(Br)nc(CCC)n2c1=O,sol_time,inf
Tanimoto-distance,O=C(C=Cc1ccc(C(F)(F)F)cc1)OCCc1c(-c2ccccc2Cl)c2cc(Cl)ccc2[nH]c1=O,sol_time,103.0
Tanimoto-distance,O=c1n(Cc2nc3ccc(C(F)(F)F)cn3c2CCCCO)c2cnccc2n1C1CC1,sol_time,2818.0
Tanimoto-distance,O=C1NC2CCCCC2c2ccccc21,sol_time,inf
Tanimoto-distance,CCN(CC)c1nc2ccc(C(O)(c3ccc(Cl)cc3)c3cncn3C)cc2c(Cl)c1N(C(=O)OC(C)(C)C)c1ccccc1,sol_time,431.0
Tanimoto-distance,CCN1CCN(c2cc(C(=O)Nc3ccc(C)c(Nc4ncnc5cnc(N6CCOCC6)nc45)c3)cc(C(C)(C)C#N)c2)CC1,sol_time,2103.0
Tanimoto-distance,COc1cc(N2CC3(CCN(S(=O)(=O)C4CC4)C3)C2)ncn1,sol_time,2522.0
Tanimoto-distance,CC1=C(C(=O)O)N2C(=O)C(NC(=O)C(N)c3cccc4sccc34)C2SC1,sol_time,1926.0
Tanimoto-distance,C=CCN(C(=O)CCC(=O)Nc1cc(C)on1)C(C(=O)NC1CCCC1)c1ccc(OC)c(OC)c1,sol_time,inf
Tanimoto-distance,CC1(C)c2cc(OCC(O)CO)ccc2C(=O)c2c1[nH]c1c(C(=O)O)c(C#N)ccc21,sol_time,inf
Tanimoto-distance,Cc1nc(C)c(CN2CCN(S(C)(=O)=O)CC2)nc1C,sol_time,inf
Tanimoto-distance,O=S(=O)(c1ccc(F)cn1)N1C(CO)CCC1c1ccc(F)cc1,sol_time,inf
Tanimoto-distance,CC(C)=CCCC(C)=CCCC(C)=CCCC1CCc2cc(O)c(C)c(C)c2O1,sol_time,458.0
Tanimoto-distance,O=S(=O)(NC(CO)C1CCNCC1)c1ccc(Cl)s1,sol_time,366.0
Tanimoto-distance,Cc1cc(Nc2cc(C(F)(F)F)ccn2)nc(-c2cnc(C3(N)CCCc4cc(C(=O)O)ccc43)s2)c1,sol_time,inf
Tanimoto-distance,Cc1cc(C(=O)NC(CC(=O)NCC(C)(C)C)C(=O)NC(CCc2ccccc2)C(=O)NCc2ccccc2Cl)no1,sol_time,4730.0
Tanimoto-distance,Cc1cccc(-c2csc3ncnc(Sc4nnnn4C)c23)c1,sol_time,257.0
Tanimoto-distance,N#Cc1ccc(NC2CNC(C(=O)N3CCCC3C#N)C2)cc1C#N,sol_time,604.0
Tanimoto-distance,CC(C)Oc1cccc(F)c1C1CC(F)C(=O)N1Cc1ccc(OC(F)(F)F)cc1,sol_time,455.0
Tanimoto-distance,Cc1c(C(=O)C2CC2CN2CCC(N3CCCC3)CC2)sc2ccccc12,sol_time,inf
Tanimoto-distance,CC(C)CCNC(=O)c1onc(CSc2ccccc2)c1C(=O)NCCC(C)C,sol_time,309.0
Tanimoto-distance,Oc1ccc2c(c1)CCN(Cc1ccc3c(c1)OCO3)C2c1ccc(OCCN2CCCC2)cc1,sol_time,724.0
Tanimoto-distance,N#Cc1c(N)ncnc1N1CCCC1c1nn2cccc2c(=O)n1-c1ccccc1,sol_time,3383.0
Tanimoto-distance,CC(C)N(C)CC=CC(=O)N1CCc2sc3ncnc(Nc4ccc(Cl)c(Cl)c4)c3c2C1,sol_time,477.0
Tanimoto-distance,O=c1ccc2cnc3ccc(-c4cnc5ccccc5c4)cc3c2n1-c1ccc(S(=O)(=O)N2CCNCC2)cc1,sol_time,244.0
Tanimoto-distance,CCN(CC)CC(=O)Nc1ccc(O)c2c1C(=O)c1c(O)ccc(O)c1C2=O,sol_time,inf
Tanimoto-distance,CCCCc1ncc(C=C2C(=O)N(CCCC)C(=O)N2CCc2ccccc2)n1Cc1ccc(C(=O)OC)cc1,sol_time,3165.0
Tanimoto-distance,COC(=O)c1ccc(CN(CCCc2c(N)nc(N)nc2O)c2ccc([N+](=O)[O-])c(F)c2F)cc1,sol_time,inf
Tanimoto-distance,NC(=O)NN=C1CCC(O)CC1CC(=O)O,sol_time,inf
Tanimoto-distance,CCCCN1CCC(C(=O)CC)(c2cccc(O)c2)CC1,sol_time,526.0
Tanimoto-distance,CCN1C(=O)C(c2cccc(-c3cnn(C)c3)c2)C(=O)N(c2ccccc2)c2cc(C(F)(F)F)ccc21,sol_time,383.0
Tanimoto-distance,CCCc1c(C(=O)NCC(N)C(=O)O)[nH]c2cccc(Br)c12,sol_time,235.0
Tanimoto-distance,C=C(C)COc1cccc(CNC(CC(C)C)c2ncnn2C)c1,sol_time,779.0
Tanimoto-distance,COC(=O)c1ccc(OC)c(-c2cccc(C(CC(=O)O)c3nccs3)c2)c1,sol_time,431.0
Tanimoto-distance,Cc1c(CN(C)c2cccc3c2CCCC3)cnc2nc(N)nc(N)c12,sol_time,inf
Tanimoto-distance,O=C(C=CNc1ccc([N+](=O)[O-])cc1)c1ccc2c(c1)CCCC2,sol_time,inf
Tanimoto-distance,Cc1nc(N)ccc1CNC(=O)Cc1c(C#N)ccc(NCC(F)(F)c2ccccn2)c1F,sol_time,inf
Tanimoto-distance,O=C(C1CCCCC1)N1CC(=O)N2CCc3ccc([N+](=O)[O-])cc3C2C1,sol_time,514.0
Tanimoto-distance,COc1ccc2c(CN3CCOCC3)cn(CCNC(C)=O)c2n1,sol_time,2799.0
Tanimoto-distance,COCCn1c(SCc2nc(O)c3c(C)c(C(=O)OC)sc3n2)nc2ccccc21,sol_time,4666.0
Tanimoto-distance,NC(=O)c1cccc(C2CC3CCC(C2)N3CCN(Cc2ccccc2)C(=O)C2(O)CC2)c1,sol_time,1438.0
Tanimoto-distance,CC(=O)N(CC(Cc1c[nH]c2ccccc12)NC(=O)CN1CCN(c2ccccc2)CC1)c1ccccc1,sol_time,284.0
Tanimoto-distance,COc1ncc(Nc2ncc(C(C)(C)O)nc2-c2cc(N)nc(C)n2)cc1F,sol_time,2371.0
Tanimoto-distance,Nc1nc(O)c2[nH]cc(Cc3cccs3)c2n1,sol_time,1259.0
Tanimoto-distance,COc1ccc(C2=C(c3ccc(OCc4ccc5ccccc5n4)cc3)C(=O)N(C)C2)cc1,sol_time,622.0
Tanimoto-distance,CC(C)CNC(=O)C(Cc1c[nH]c2ccccc12)NC(=O)OCCCCN,sol_time,685.0
Tanimoto-distance,Cn1c(OC2CCN(c3ccc(CN4CCCCC4)cc3)CC2)nc(-c2ccncc2)cc1=O,sol_time,466.0
Tanimoto-distance,C=CC(=O)N1CCN(S(=O)(=O)c2ccc(Nc3ncc4c(n3)N(C)c3ccc(C)cc3C(=O)N4C)cc2)CC1,sol_time,327.0
Tanimoto-distance,CCN(c1ccc(OC)cc1)S(=O)(=O)c1c(C(=O)N2CCCCCC2)c(C)n(C)c1C,sol_time,1600.0
Tanimoto-distance,COc1ccccc1-c1ccc(C(CC(=O)O)NC(=O)C2CCN2S(=O)(=O)c2cc(Cl)cc(Cl)c2)cc1,sol_time,2291.0
Tanimoto-distance,CN1CCN(Cc2ccc(-c3cnc(N4CCOC(Cn5nnc6ncc(-c7cccc(C#N)c7)nc65)C4)nc3)cc2)CC1,sol_time,inf
Tanimoto-distance,COc1cc(C(=O)C(=O)N2CCCCC2C(=O)OC(CCCc2ccccc2)CCCc2ccccn2)cc(OC)c1OC,sol_time,1266.0
Tanimoto-distance,CC1(C)CC(=O)c2cc(Cl)c(NC3CCCC3)nc2C1,sol_time,622.0
Tanimoto-distance,CCNC(=O)C1(Nc2nc(NCc3ccccc3)nc(N3CC4CC3CN4C(=O)c3cccc(C(F)(F)F)c3)n2)Cc2ccccc2C1,sol_time,inf
Tanimoto-distance,CCN(CC)CCNc1ccc(CO)c2oc3ccccc3c(=O)c12,sol_time,218.0
Tanimoto-distance,CN1C(C(=O)O)CCCC1C(=O)O,sol_time,475.0
Tanimoto-distance,CCCCN(CCCC)CCCOc1ccc(S(=O)(=O)c2c(C(C)C)nn3ccccc23)cc1,sol_time,2714.0
Tanimoto-distance,Brc1cccc(-c2nsc(-c3cccc(Br)c3)n2)c1,sol_time,inf
Tanimoto-distance,Cc1cccc(CNC(=O)c2cc(-c3nnn(CC4CCC(CO)CC4)n3)cc(C)n2)c1,sol_time,inf
Tanimoto-distance,CC(=O)NC1c2c(ccc3ccc(=O)oc23)OC(C)(C)C1O,sol_time,inf
Tanimoto-distance,Cc1cc(C)nc(N=C(N)NCc2nc3ccccc3[nH]2)n1,sol_time,1344.0
Tanimoto-distance,Cc1c(C(=O)N2CCC(NC(=O)Nc3ccc(C#N)cc3)(c3ccccc3)CC2)nn(-c2ccc(Cl)cc2Cl)c1-c1ccc(Cl)cc1,sol_time,3324.0
constant-0,Cc1nc(NC2CCCC2)c2nn(C)c(-c3ccc(Cl)cc3Cl)c2n1,sol_time,1858.0
constant-0,C#CC(CC(=O)O)NC(=O)Cn1ccc2ccc(N3CCNCC3)cc2c1=O,sol_time,3789.0
constant-0,O=c1c(C=NNc2nc(N3CCOCC3)c3ccsc3n2)coc2ccccc12,sol_time,737.0
constant-0,O=C(NC1CCCCC1)C1Cc2c(sc3ccccc23)CN1,sol_time,297.0
constant-0,O=C1CSC(C23CC4CC(CC(C4)C2)C3)N1CCN1CCCCC1,sol_time,422.0
constant-0,O=C1c2cccc3cccc(c23)C(=O)N1CCN1CCN(CC(O)COCc2ccc(Cl)cc2)CC1,sol_time,1049.0
constant-0,COc1ccc2oc(NC3CCN(Cc4ccccc4)CC3)cc(=O)c2c1,sol_time,1296.0
constant-0,Fc1cccc(CN2CCC(COc3nc4ccsc4n4cccc34)CC2)c1,sol_time,153.0
constant-0,COCc1ccccc1C1C(C(=O)C(C)(C)C)C(=O)C(=O)N1c1ccc(-c2noc(C)n2)cc1,sol_time,293.0
constant-0,CN(C(=O)c1ccccc1OC(F)(F)F)C1COc2nc([N+](=O)[O-])cn2C1,sol_time,615.0
constant-0,CN(C)CCN1C(=O)c2c(c3c4ccccc4[nH]c3c3ccccc23)C1=O,sol_time,inf
constant-0,COCc1cc(O)nc(N=C(N)Nc2ccc(C)cc2)n1,sol_time,inf
constant-0,CCN(CC)CC#CCC1(O)c2ccccc2-c2ccccc21,sol_time,2792.0
constant-0,CC1CCN(C(c2ccc(F)cn2)c2ccc(C(C)C(=O)O)cc2-c2ccc(C(F)(F)F)cc2)CC1,sol_time,420.0
constant-0,Cn1cc(-c2ccc(-c3c4c(nn3C)CCc3cnc(Nc5cnn(Cc6ccncc6)c5)nc3-4)cc2)cn1,sol_time,inf
constant-0,[O-][n+]1nc2c(I)cnn2c2cc(OCc3ccc(Cl)cc3)ccc21,sol_time,339.0
constant-0,CCN1C(=O)c2cccc3c(S(=O)(=O)Nc4ccccn4)ccc1c23,sol_time,755.0
constant-0,CCCCC(C=O)NC(=O)OC(CCC)Cc1ccccc1,sol_time,416.0
constant-0,C=CCn1nc(Br)c2c(Br)nc(CCC)n2c1=O,sol_time,inf
constant-0,O=C(C=Cc1ccc(C(F)(F)F)cc1)OCCc1c(-c2ccccc2Cl)c2cc(Cl)ccc2[nH]c1=O,sol_time,114.0
constant-0,O=c1n(Cc2nc3ccc(C(F)(F)F)cn3c2CCCCO)c2cnccc2n1C1CC1,sol_time,3110.0
constant-0,O=C1NC2CCCCC2c2ccccc21,sol_time,inf
constant-0,CCN(CC)c1nc2ccc(C(O)(c3ccc(Cl)cc3)c3cncn3C)cc2c(Cl)c1N(C(=O)OC(C)(C)C)c1ccccc1,sol_time,382.0
constant-0,CCN1CCN(c2cc(C(=O)Nc3ccc(C)c(Nc4ncnc5cnc(N6CCOCC6)nc45)c3)cc(C(C)(C)C#N)c2)CC1,sol_time,1480.0
constant-0,COc1cc(N2CC3(CCN(S(=O)(=O)C4CC4)C3)C2)ncn1,sol_time,2456.0
constant-0,CC1=C(C(=O)O)N2C(=O)C(NC(=O)C(N)c3cccc4sccc34)C2SC1,sol_time,1320.0
constant-0,C=CCN(C(=O)CCC(=O)Nc1cc(C)on1)C(C(=O)NC1CCCC1)c1ccc(OC)c(OC)c1,sol_time,inf
constant-0,CC1(C)c2cc(OCC(O)CO)ccc2C(=O)c2c1[nH]c1c(C(=O)O)c(C#N)ccc21,sol_time,inf
constant-0,Cc1nc(C)c(CN2CCN(S(C)(=O)=O)CC2)nc1C,sol_time,inf
constant-0,O=S(=O)(c1ccc(F)cn1)N1C(CO)CCC1c1ccc(F)cc1,sol_time,inf
constant-0,CCOc1ccc(N(CC(=O)NC2CCCCC2)C(=O)CCCC(=O)Nc2ccccn2)cc1,sol_time,1136.0
constant-0,CN1CCC(=C2c3ccccc3Oc3ccc(Cl)cc32)CC1,sol_time,694.0
constant-0,COc1cc(O)c2c(=O)cc(-c3cc(O)c(O)cc3Cc3cccc(Cl)c3)oc2c1,sol_time,inf
constant-0,N#CCCCSC(=S)n1ccnc1,sol_time,152.0
constant-0,CSC(=O)C#CC(C)(C)N(C)Cc1ccccc1,sol_time,1776.0
constant-0,CC(=O)Nc1nc(C)c(-c2nc(C(C)(C)CCO)no2)s1,sol_time,923.0
constant-0,NC(=O)C(CCC(F)(F)F)N(CCc1ncon1)S(=O)(=O)c1ccc(Cl)cc1,sol_time,3771.0
constant-0,NCC(=O)N1CC(N)CC1C(=O)NC(CCc1ccccc1)C(=O)Nc1ccc2ncccc2c1,sol_time,inf
constant-0,CCN(CC)C(=O)c1ccc(N(c2cccc(OC)c2)C2CCN(CC=C(C)C)CC2C)cc1,sol_time,3936.0
constant-0,N=C(N)NCCCC(NC(=O)CN1CCN(S(=O)(=O)c2ccc(-c3ccccn3)s2)CC1=O)C(=O)c1nccs1,sol_time,inf
constant-0,O=C(NC1CC(Oc2ccc(-c3ccccc3)cc2)CC1O)C(c1ccccc1)c1ccccc1,sol_time,1076.0
constant-0,C=CC(=O)NCCCCC(NC(=O)OCc1ccc(C)cc1)C(=O)O,sol_time,248.0
constant-0,Cc1cc(C=Nn2cnnc2)c(C)n1-c1cc(Cl)ccc1Cl,sol_time,inf
constant-0,N#Cc1nc(N2CCC(S(=O)(=O)c3ccc(F)cc3Cl)C2)cc(C(F)(F)F)n1,sol_time,3279.0
constant-0,CCCN(CCC1CCC(NS(=O)(=O)c2ccccc2)CC1)C1CCc2nc(N)sc2C1,sol_time,4118.0
constant-0,O=C(O)c1cn(C2CC2c2ccccc2)c2cc(N3CCNCC3)c(F)cc2c1=O,sol_time,845.0
constant-0,CCc1c(C(=O)c2cccc3ccccc23)n(COCC=C(C)C)c(=O)[nH]c1=O,sol_time,591.0
constant-0,COc1ccc(C(=O)Nc2cc(C(=O)NC(=N)N)ccc2OCCCN2CCN(Cc3ccc(OC)c(OC)c3OC)CC2)cc1,sol_time,inf
constant-0,CC(C)CC(c1nnnn1C(C)C)N1CCN(C(=O)c2ccco2)CC1,sol_time,2594.0
constant-0,CCNC(=O)c1noc(-c2cc(Cl)c(O)cc2O)c1-c1cccc(N2CCN(C(C)=O)CC2)c1,sol_time,806.0
constant-0,CC(C)=CCCC(C)=CCCC(C)=CCCC1CCc2cc(O)c(C)c(C)c2O1,sol_time,284.0
constant-0,O=S(=O)(NC(CO)C1CCNCC1)c1ccc(Cl)s1,sol_time,397.0
constant-0,Cc1cc(Nc2cc(C(F)(F)F)ccn2)nc(-c2cnc(C3(N)CCCc4cc(C(=O)O)ccc43)s2)c1,sol_time,inf
constant-0,Cc1cc(C(=O)NC(CC(=O)NCC(C)(C)C)C(=O)NC(CCc2ccccc2)C(=O)NCc2ccccc2Cl)no1,sol_time,3178.0
constant-0,Cc1cccc(-c2csc3ncnc(Sc4nnnn4C)c23)c1,sol_time,254.0
constant-0,N#Cc1ccc(NC2CNC(C(=O)N3CCCC3C#N)C2)cc1C#N,sol_time,674.0
constant-0,CC(C)Oc1cccc(F)c1C1CC(F)C(=O)N1Cc1ccc(OC(F)(F)F)cc1,sol_time,442.0
constant-0,Cc1c(C(=O)C2CC2CN2CCC(N3CCCC3)CC2)sc2ccccc12,sol_time,inf
constant-0,CC(C)CCNC(=O)c1onc(CSc2ccccc2)c1C(=O)NCCC(C)C,sol_time,329.0
constant-0,Oc1ccc2c(c1)CCN(Cc1ccc3c(c1)OCO3)C2c1ccc(OCCN2CCCC2)cc1,sol_time,399.0
constant-0,COc1ncc(Nc2ncc(C(C)(C)O)nc2-c2cc(N)nc(C)n2)cc1F,sol_time,840.0
constant-0,Nc1nc(O)c2[nH]cc(Cc3cccs3)c2n1,sol_time,1262.0
constant-0,COc1ccc(C2=C(c3ccc(OCc4ccc5ccccc5n4)cc3)C(=O)N(C)C2)cc1,sol_time,440.0
constant-0,CC(C)CNC(=O)C(Cc1c[nH]c2ccccc12)NC(=O)OCCCCN,sol_time,800.0
constant-0,Cn1c(OC2CCN(c3ccc(CN4CCCCC4)cc3)CC2)nc(-c2ccncc2)cc1=O,sol_time,481.0
constant-0,C=CC(=O)N1CCN(S(=O)(=O)c2ccc(Nc3ncc4c(n3)N(C)c3ccc(C)cc3C(=O)N4C)cc2)CC1,sol_time,345.0
constant-0,CCN(c1ccc(OC)cc1)S(=O)(=O)c1c(C(=O)N2CCCCCC2)c(C)n(C)c1C,sol_time,1251.0
constant-0,COc1ccccc1-c1ccc(C(CC(=O)O)NC(=O)C2CCN2S(=O)(=O)c2cc(Cl)cc(Cl)c2)cc1,sol_time,1650.0
constant-0,CN1CCN(Cc2ccc(-c3cnc(N4CCOC(Cn5nnc6ncc(-c7cccc(C#N)c7)nc65)C4)nc3)cc2)CC1,sol_time,inf
constant-0,COc1cc(C(=O)C(=O)N2CCCCC2C(=O)OC(CCCc2ccccc2)CCCc2ccccn2)cc(OC)c1OC,sol_time,809.0
constant-0,N#Cc1c(N)ncnc1N1CCCC1c1nn2cccc2c(=O)n1-c1ccccc1,sol_time,2008.0
constant-0,CC(C)N(C)CC=CC(=O)N1CCc2sc3ncnc(Nc4ccc(Cl)c(Cl)c4)c3c2C1,sol_time,386.0
constant-0,O=c1ccc2cnc3ccc(-c4cnc5ccccc5c4)cc3c2n1-c1ccc(S(=O)(=O)N2CCNCC2)cc1,sol_time,245.0
constant-0,CCN(CC)CC(=O)Nc1ccc(O)c2c1C(=O)c1c(O)ccc(O)c1C2=O,sol_time,inf
constant-0,CCCCc1ncc(C=C2C(=O)N(CCCC)C(=O)N2CCc2ccccc2)n1Cc1ccc(C(=O)OC)cc1,sol_time,2571.0
constant-0,COC(=O)c1ccc(CN(CCCc2c(N)nc(N)nc2O)c2ccc([N+](=O)[O-])c(F)c2F)cc1,sol_time,inf
constant-0,NC(=O)NN=C1CCC(O)CC1CC(=O)O,sol_time,inf
constant-0,CCCCN1CCC(C(=O)CC)(c2cccc(O)c2)CC1,sol_time,325.0
constant-0,CCN1C(=O)C(c2cccc(-c3cnn(C)c3)c2)C(=O)N(c2ccccc2)c2cc(C(F)(F)F)ccc21,sol_time,996.0
constant-0,CCCc1c(C(=O)NCC(N)C(=O)O)[nH]c2cccc(Br)c12,sol_time,156.0
constant-0,C=C(C)COc1cccc(CNC(CC(C)C)c2ncnn2C)c1,sol_time,612.0
constant-0,COC(=O)c1ccc(OC)c(-c2cccc(C(CC(=O)O)c3nccs3)c2)c1,sol_time,316.0
constant-0,Cc1c(CN(C)c2cccc3c2CCCC3)cnc2nc(N)nc(N)c12,sol_time,inf
constant-0,O=C(C=CNc1ccc([N+](=O)[O-])cc1)c1ccc2c(c1)CCCC2,sol_time,inf
constant-0,Cc1nc(N)ccc1CNC(=O)Cc1c(C#N)ccc(NCC(F)(F)c2ccccn2)c1F,sol_time,inf
constant-0,O=C(C1CCCCC1)N1CC(=O)N2CCc3ccc([N+](=O)[O-])cc3C2C1,sol_time,354.0
constant-0,COc1ccc2c(CN3CCOCC3)cn(CCNC(C)=O)c2n1,sol_time,2580.0
constant-0,COCCn1c(SCc2nc(O)c3c(C)c(C(=O)OC)sc3n2)nc2ccccc21,sol_time,4969.0
constant-0,NC(=O)c1cccc(C2CC3CCC(C2)N3CCN(Cc2ccccc2)C(=O)C2(O)CC2)c1,sol_time,1136.0
constant-0,CC(=O)N(CC(Cc1c[nH]c2ccccc12)NC(=O)CN1CCN(c2ccccc2)CC1)c1ccccc1,sol_time,458.0
constant-0,CC1(C)CC(=O)c2cc(Cl)c(NC3CCCC3)nc2C1,sol_time,540.0
constant-0,CCNC(=O)C1(Nc2nc(NCc3ccccc3)nc(N3CC4CC3CN4C(=O)c3cccc(C(F)(F)F)c3)n2)Cc2ccccc2C1,sol_time,inf
constant-0,CCN(CC)CCNc1ccc(CO)c2oc3ccccc3c(=O)c12,sol_time,220.0
constant-0,CN1C(C(=O)O)CCCC1C(=O)O,sol_time,494.0
constant-0,CCCCN(CCCC)CCCOc1ccc(S(=O)(=O)c2c(C(C)C)nn3ccccc23)cc1,sol_time,2757.0
constant-0,Brc1cccc(-c2nsc(-c3cccc(Br)c3)n2)c1,sol_time,inf
constant-0,Cc1cccc(CNC(=O)c2cc(-c3nnn(CC4CCC(CO)CC4)n3)cc(C)n2)c1,sol_time,inf
constant-0,CC(=O)NC1c2c(ccc3ccc(=O)oc23)OC(C)(C)C1O,sol_time,inf
constant-0,Cc1cc(C)nc(N=C(N)NCc2nc3ccccc3[nH]2)n1,sol_time,1358.0
constant-0,Cc1c(C(=O)N2CCC(NC(=O)Nc3ccc(C#N)cc3)(c3ccccc3)CC2)nn(-c2ccc(Cl)cc2Cl)c1-c1ccc(Cl)cc1,sol_time,inf
Retro*,Cc1nc(NC2CCCC2)c2nn(C)c(-c3ccc(Cl)cc3Cl)c2n1,sol_time,1525.0
Retro*,C#CC(CC(=O)O)NC(=O)Cn1ccc2ccc(N3CCNCC3)cc2c1=O,sol_time,inf
Retro*,O=c1c(C=NNc2nc(N3CCOCC3)c3ccsc3n2)coc2ccccc12,sol_time,713.0
Retro*,O=C(NC1CCCCC1)C1Cc2c(sc3ccccc23)CN1,sol_time,739.0
Retro*,O=C1CSC(C23CC4CC(CC(C4)C2)C3)N1CCN1CCCCC1,sol_time,478.0
Retro*,O=C1c2cccc3cccc(c23)C(=O)N1CCN1CCN(CC(O)COCc2ccc(Cl)cc2)CC1,sol_time,525.0
Retro*,COc1ccc2oc(NC3CCN(Cc4ccccc4)CC3)cc(=O)c2c1,sol_time,810.0
Retro*,Fc1cccc(CN2CCC(COc3nc4ccsc4n4cccc34)CC2)c1,sol_time,108.0
Retro*,COCc1ccccc1C1C(C(=O)C(C)(C)C)C(=O)C(=O)N1c1ccc(-c2noc(C)n2)cc1,sol_time,228.0
Retro*,CN(C(=O)c1ccccc1OC(F)(F)F)C1COc2nc([N+](=O)[O-])cn2C1,sol_time,1597.0
Retro*,CN(C)CCN1C(=O)c2c(c3c4ccccc4[nH]c3c3ccccc23)C1=O,sol_time,2399.0
Retro*,COCc1cc(O)nc(N=C(N)Nc2ccc(C)cc2)n1,sol_time,inf
Retro*,CCN(CC)CC#CCC1(O)c2ccccc2-c2ccccc21,sol_time,1532.0
Retro*,CC1CCN(C(c2ccc(F)cn2)c2ccc(C(C)C(=O)O)cc2-c2ccc(C(F)(F)F)cc2)CC1,sol_time,506.0
Retro*,Cn1cc(-c2ccc(-c3c4c(nn3C)CCc3cnc(Nc5cnn(Cc6ccncc6)c5)nc3-4)cc2)cn1,sol_time,inf
Retro*,[O-][n+]1nc2c(I)cnn2c2cc(OCc3ccc(Cl)cc3)ccc21,sol_time,364.0
Retro*,CCN1C(=O)c2cccc3c(S(=O)(=O)Nc4ccccn4)ccc1c23,sol_time,1190.0
Retro*,CCCCC(C=O)NC(=O)OC(CCC)Cc1ccccc1,sol_time,372.0
Retro*,C=CCn1nc(Br)c2c(Br)nc(CCC)n2c1=O,sol_time,inf
Retro*,O=C(C=Cc1ccc(C(F)(F)F)cc1)OCCc1c(-c2ccccc2Cl)c2cc(Cl)ccc2[nH]c1=O,sol_time,103.0
Retro*,O=c1n(Cc2nc3ccc(C(F)(F)F)cn3c2CCCCO)c2cnccc2n1C1CC1,sol_time,2719.0
Retro*,O=C1NC2CCCCC2c2ccccc21,sol_time,inf
Retro*,CCN(CC)c1nc2ccc(C(O)(c3ccc(Cl)cc3)c3cncn3C)cc2c(Cl)c1N(C(=O)OC(C)(C)C)c1ccccc1,sol_time,370.0
Retro*,CCN1CCN(c2cc(C(=O)Nc3ccc(C)c(Nc4ncnc5cnc(N6CCOCC6)nc45)c3)cc(C(C)(C)C#N)c2)CC1,sol_time,639.0
Retro*,COc1cc(N2CC3(CCN(S(=O)(=O)C4CC4)C3)C2)ncn1,sol_time,2344.0
Retro*,CC1=C(C(=O)O)N2C(=O)C(NC(=O)C(N)c3cccc4sccc34)C2SC1,sol_time,1699.0
Retro*,C=CCN(C(=O)CCC(=O)Nc1cc(C)on1)C(C(=O)NC1CCCC1)c1ccc(OC)c(OC)c1,sol_time,inf
Retro*,CC1(C)c2cc(OCC(O)CO)ccc2C(=O)c2c1[nH]c1c(C(=O)O)c(C#N)ccc21,sol_time,inf
Retro*,Cc1nc(C)c(CN2CCN(S(C)(=O)=O)CC2)nc1C,sol_time,3336.0
Retro*,O=S(=O)(c1ccc(F)cn1)N1C(CO)CCC1c1ccc(F)cc1,sol_time,inf
Retro*,CCOc1ccc(N(CC(=O)NC2CCCCC2)C(=O)CCCC(=O)Nc2ccccn2)cc1,sol_time,1684.0
Retro*,CN1CCC(=C2c3ccccc3Oc3ccc(Cl)cc32)CC1,sol_time,1079.0
Retro*,COc1cc(O)c2c(=O)cc(-c3cc(O)c(O)cc3Cc3cccc(Cl)c3)oc2c1,sol_time,4274.0
Retro*,N#CCCCSC(=S)n1ccnc1,sol_time,151.0
Retro*,CSC(=O)C#CC(C)(C)N(C)Cc1ccccc1,sol_time,1358.0
Retro*,CC(=O)Nc1nc(C)c(-c2nc(C(C)(C)CCO)no2)s1,sol_time,1229.0
Retro*,NC(=O)C(CCC(F)(F)F)N(CCc1ncon1)S(=O)(=O)c1ccc(Cl)cc1,sol_time,inf
Retro*,NCC(=O)N1CC(N)CC1C(=O)NC(CCc1ccccc1)C(=O)Nc1ccc2ncccc2c1,sol_time,inf
Retro*,CCN(CC)C(=O)c1ccc(N(c2cccc(OC)c2)C2CCN(CC=C(C)C)CC2C)cc1,sol_time,3124.0
Retro*,N=C(N)NCCCC(NC(=O)CN1CCN(S(=O)(=O)c2ccc(-c3ccccn3)s2)CC1=O)C(=O)c1nccs1,sol_time,inf
Retro*,O=C(NC1CC(Oc2ccc(-c3ccccc3)cc2)CC1O)C(c1ccccc1)c1ccccc1,sol_time,202.0
Retro*,C=CC(=O)NCCCCC(NC(=O)OCc1ccc(C)cc1)C(=O)O,sol_time,342.0
Retro*,Cc1cc(C=Nn2cnnc2)c(C)n1-c1cc(Cl)ccc1Cl,sol_time,inf
Retro*,N#Cc1nc(N2CCC(S(=O)(=O)c3ccc(F)cc3Cl)C2)cc(C(F)(F)F)n1,sol_time,4634.0
Retro*,CCCN(CCC1CCC(NS(=O)(=O)c2ccccc2)CC1)C1CCc2nc(N)sc2C1,sol_time,3713.0
Retro*,O=C(O)c1cn(C2CC2c2ccccc2)c2cc(N3CCNCC3)c(F)cc2c1=O,sol_time,1757.0
Retro*,CCc1c(C(=O)c2cccc3ccccc23)n(COCC=C(C)C)c(=O)[nH]c1=O,sol_time,793.0
Retro*,COc1ccc(C(=O)Nc2cc(C(=O)NC(=N)N)ccc2OCCCN2CCN(Cc3ccc(OC)c(OC)c3OC)CC2)cc1,sol_time,2349.0
Retro*,CC(C)CC(c1nnnn1C(C)C)N1CCN(C(=O)c2ccco2)CC1,sol_time,3260.0
Retro*,CCNC(=O)c1noc(-c2cc(Cl)c(O)cc2O)c1-c1cccc(N2CCN(C(C)=O)CC2)c1,sol_time,651.0
Retro*,CC(C)=CCCC(C)=CCCC(C)=CCCC1CCc2cc(O)c(C)c(C)c2O1,sol_time,308.0
Retro*,O=S(=O)(NC(CO)C1CCNCC1)c1ccc(Cl)s1,sol_time,349.0
Retro*,Cc1cc(Nc2cc(C(F)(F)F)ccn2)nc(-c2cnc(C3(N)CCCc4cc(C(=O)O)ccc43)s2)c1,sol_time,inf
Retro*,Cc1cc(C(=O)NC(CC(=O)NCC(C)(C)C)C(=O)NC(CCc2ccccc2)C(=O)NCc2ccccc2Cl)no1,sol_time,4776.0
Retro*,Cc1cccc(-c2csc3ncnc(Sc4nnnn4C)c23)c1,sol_time,248.0
Retro*,N#Cc1ccc(NC2CNC(C(=O)N3CCCC3C#N)C2)cc1C#N,sol_time,659.0
Retro*,CC(C)Oc1cccc(F)c1C1CC(F)C(=O)N1Cc1ccc(OC(F)(F)F)cc1,sol_time,696.0
Retro*,Cc1c(C(=O)C2CC2CN2CCC(N3CCCC3)CC2)sc2ccccc12,sol_time,2316.0
Retro*,CC(C)CCNC(=O)c1onc(CSc2ccccc2)c1C(=O)NCCC(C)C,sol_time,311.0
Retro*,Oc1ccc2c(c1)CCN(Cc1ccc3c(c1)OCO3)C2c1ccc(OCCN2CCCC2)cc1,sol_time,46.0
Retro*,C=C(C)COc1cccc(CNC(CC(C)C)c2ncnn2C)c1,sol_time,517.0
Retro*,COC(=O)c1ccc(OC)c(-c2cccc(C(CC(=O)O)c3nccs3)c2)c1,sol_time,252.0
Retro*,Cc1c(CN(C)c2cccc3c2CCCC3)cnc2nc(N)nc(N)c12,sol_time,inf
Retro*,O=C(C=CNc1ccc([N+](=O)[O-])cc1)c1ccc2c(c1)CCCC2,sol_time,4066.0
Retro*,Cc1nc(N)ccc1CNC(=O)Cc1c(C#N)ccc(NCC(F)(F)c2ccccn2)c1F,sol_time,inf
Retro*,O=C(C1CCCCC1)N1CC(=O)N2CCc3ccc([N+](=O)[O-])cc3C2C1,sol_time,748.0
Retro*,COc1ccc2c(CN3CCOCC3)cn(CCNC(C)=O)c2n1,sol_time,689.0
Retro*,COCCn1c(SCc2nc(O)c3c(C)c(C(=O)OC)sc3n2)nc2ccccc21,sol_time,4911.0
Retro*,NC(=O)c1cccc(C2CC3CCC(C2)N3CCN(Cc2ccccc2)C(=O)C2(O)CC2)c1,sol_time,1004.0
Retro*,CC(=O)N(CC(Cc1c[nH]c2ccccc12)NC(=O)CN1CCN(c2ccccc2)CC1)c1ccccc1,sol_time,248.0
Retro*,N#Cc1c(N)ncnc1N1CCCC1c1nn2cccc2c(=O)n1-c1ccccc1,sol_time,3921.0
Retro*,CC(C)N(C)CC=CC(=O)N1CCc2sc3ncnc(Nc4ccc(Cl)c(Cl)c4)c3c2C1,sol_time,636.0
Retro*,O=c1ccc2cnc3ccc(-c4cnc5ccccc5c4)cc3c2n1-c1ccc(S(=O)(=O)N2CCNCC2)cc1,sol_time,204.0
Retro*,CCN(CC)CC(=O)Nc1ccc(O)c2c1C(=O)c1c(O)ccc(O)c1C2=O,sol_time,inf
Retro*,CCCCc1ncc(C=C2C(=O)N(CCCC)C(=O)N2CCc2ccccc2)n1Cc1ccc(C(=O)OC)cc1,sol_time,inf
Retro*,COC(=O)c1ccc(CN(CCCc2c(N)nc(N)nc2O)c2ccc([N+](=O)[O-])c(F)c2F)cc1,sol_time,inf
Retro*,NC(=O)NN=C1CCC(O)CC1CC(=O)O,sol_time,inf
Retro*,CCCCN1CCC(C(=O)CC)(c2cccc(O)c2)CC1,sol_time,795.0
Retro*,CCN1C(=O)C(c2cccc(-c3cnn(C)c3)c2)C(=O)N(c2ccccc2)c2cc(C(F)(F)F)ccc21,sol_time,652.0
Retro*,CCCc1c(C(=O)NCC(N)C(=O)O)[nH]c2cccc(Br)c12,sol_time,260.0
Retro*,COc1ncc(Nc2ncc(C(C)(C)O)nc2-c2cc(N)nc(C)n2)cc1F,sol_time,2618.0
Retro*,Nc1nc(O)c2[nH]cc(Cc3cccs3)c2n1,sol_time,1262.0
Retro*,COc1ccc(C2=C(c3ccc(OCc4ccc5ccccc5n4)cc3)C(=O)N(C)C2)cc1,sol_time,760.0
Retro*,CC(C)CNC(=O)C(Cc1c[nH]c2ccccc12)NC(=O)OCCCCN,sol_time,504.0
Retro*,Cn1c(OC2CCN(c3ccc(CN4CCCCC4)cc3)CC2)nc(-c2ccncc2)cc1=O,sol_time,318.0
Retro*,C=CC(=O)N1CCN(S(=O)(=O)c2ccc(Nc3ncc4c(n3)N(C)c3ccc(C)cc3C(=O)N4C)cc2)CC1,sol_time,286.0
Retro*,CCN(c1ccc(OC)cc1)S(=O)(=O)c1c(C(=O)N2CCCCCC2)c(C)n(C)c1C,sol_time,1817.0
Retro*,COc1ccccc1-c1ccc(C(CC(=O)O)NC(=O)C2CCN2S(=O)(=O)c2cc(Cl)cc(Cl)c2)cc1,sol_time,896.0
Retro*,CN1CCN(Cc2ccc(-c3cnc(N4CCOC(Cn5nnc6ncc(-c7cccc(C#N)c7)nc65)C4)nc3)cc2)CC1,sol_time,inf
Retro*,COc1cc(C(=O)C(=O)N2CCCCC2C(=O)OC(CCCc2ccccc2)CCCc2ccccn2)cc(OC)c1OC,sol_time,1825.0
Retro*,CC1(C)CC(=O)c2cc(Cl)c(NC3CCCC3)nc2C1,sol_time,747.0
Retro*,CCNC(=O)C1(Nc2nc(NCc3ccccc3)nc(N3CC4CC3CN4C(=O)c3cccc(C(F)(F)F)c3)n2)Cc2ccccc2C1,sol_time,inf
Retro*,CCN(CC)CCNc1ccc(CO)c2oc3ccccc3c(=O)c12,sol_time,309.0
Retro*,CN1C(C(=O)O)CCCC1C(=O)O,sol_time,524.0
Retro*,CCCCN(CCCC)CCCOc1ccc(S(=O)(=O)c2c(C(C)C)nn3ccccc23)cc1,sol_time,2915.0
Retro*,Brc1cccc(-c2nsc(-c3cccc(Br)c3)n2)c1,sol_time,4677.0
Retro*,Cc1cccc(CNC(=O)c2cc(-c3nnn(CC4CCC(CO)CC4)n3)cc(C)n2)c1,sol_time,inf
Retro*,CC(=O)NC1c2c(ccc3ccc(=O)oc23)OC(C)(C)C1O,sol_time,inf
Retro*,Cc1cc(C)nc(N=C(N)NCc2nc3ccccc3[nH]2)n1,sol_time,1045.0
Retro*,Cc1c(C(=O)N2CCC(NC(=O)Nc3ccc(C#N)cc3)(c3ccccc3)CC2)nn(-c2ccc(Cl)cc2Cl)c1-c1ccc(Cl)cc1,sol_time,4288.0
Embedding-from-fingerprints-TIMES10,Cc1nc(NC2CCCC2)c2nn(C)c(-c3ccc(Cl)cc3Cl)c2n1,sol_time,1053.0
Embedding-from-fingerprints-TIMES10,C#CC(CC(=O)O)NC(=O)Cn1ccc2ccc(N3CCNCC3)cc2c1=O,sol_time,inf
Embedding-from-fingerprints-TIMES10,O=c1c(C=NNc2nc(N3CCOCC3)c3ccsc3n2)coc2ccccc12,sol_time,758.0
Embedding-from-fingerprints-TIMES10,O=C(NC1CCCCC1)C1Cc2c(sc3ccccc23)CN1,sol_time,249.0
Embedding-from-fingerprints-TIMES10,O=C1CSC(C23CC4CC(CC(C4)C2)C3)N1CCN1CCCCC1,sol_time,366.0
Embedding-from-fingerprints-TIMES10,O=C1c2cccc3cccc(c23)C(=O)N1CCN1CCN(CC(O)COCc2ccc(Cl)cc2)CC1,sol_time,686.0
Embedding-from-fingerprints-TIMES10,COc1ccc2oc(NC3CCN(Cc4ccccc4)CC3)cc(=O)c2c1,sol_time,732.0
Embedding-from-fingerprints-TIMES10,Fc1cccc(CN2CCC(COc3nc4ccsc4n4cccc34)CC2)c1,sol_time,172.0
Embedding-from-fingerprints-TIMES10,COCc1ccccc1C1C(C(=O)C(C)(C)C)C(=O)C(=O)N1c1ccc(-c2noc(C)n2)cc1,sol_time,311.0
Embedding-from-fingerprints-TIMES10,CN(C(=O)c1ccccc1OC(F)(F)F)C1COc2nc([N+](=O)[O-])cn2C1,sol_time,809.0
Embedding-from-fingerprints-TIMES10,CCOc1ccc(N(CC(=O)NC2CCCCC2)C(=O)CCCC(=O)Nc2ccccn2)cc1,sol_time,660.0
Embedding-from-fingerprints-TIMES10,CN1CCC(=C2c3ccccc3Oc3ccc(Cl)cc32)CC1,sol_time,762.0
Embedding-from-fingerprints-TIMES10,COc1cc(O)c2c(=O)cc(-c3cc(O)c(O)cc3Cc3cccc(Cl)c3)oc2c1,sol_time,2958.0
Embedding-from-fingerprints-TIMES10,N#CCCCSC(=S)n1ccnc1,sol_time,163.0
Embedding-from-fingerprints-TIMES10,CSC(=O)C#CC(C)(C)N(C)Cc1ccccc1,sol_time,1038.0
Embedding-from-fingerprints-TIMES10,CC(=O)Nc1nc(C)c(-c2nc(C(C)(C)CCO)no2)s1,sol_time,673.0
Embedding-from-fingerprints-TIMES10,NC(=O)C(CCC(F)(F)F)N(CCc1ncon1)S(=O)(=O)c1ccc(Cl)cc1,sol_time,3458.0
Embedding-from-fingerprints-TIMES10,NCC(=O)N1CC(N)CC1C(=O)NC(CCc1ccccc1)C(=O)Nc1ccc2ncccc2c1,sol_time,inf
Embedding-from-fingerprints-TIMES10,CCN(CC)C(=O)c1ccc(N(c2cccc(OC)c2)C2CCN(CC=C(C)C)CC2C)cc1,sol_time,2403.0
Embedding-from-fingerprints-TIMES10,N=C(N)NCCCC(NC(=O)CN1CCN(S(=O)(=O)c2ccc(-c3ccccn3)s2)CC1=O)C(=O)c1nccs1,sol_time,inf
Embedding-from-fingerprints-TIMES10,CN(C)CCN1C(=O)c2c(c3c4ccccc4[nH]c3c3ccccc23)C1=O,sol_time,1534.0
Embedding-from-fingerprints-TIMES10,COCc1cc(O)nc(N=C(N)Nc2ccc(C)cc2)n1,sol_time,inf
Embedding-from-fingerprints-TIMES10,CCN(CC)CC#CCC1(O)c2ccccc2-c2ccccc21,sol_time,1989.0
Embedding-from-fingerprints-TIMES10,CC1CCN(C(c2ccc(F)cn2)c2ccc(C(C)C(=O)O)cc2-c2ccc(C(F)(F)F)cc2)CC1,sol_time,278.0
Embedding-from-fingerprints-TIMES10,Cn1cc(-c2ccc(-c3c4c(nn3C)CCc3cnc(Nc5cnn(Cc6ccncc6)c5)nc3-4)cc2)cn1,sol_time,inf
Embedding-from-fingerprints-TIMES10,[O-][n+]1nc2c(I)cnn2c2cc(OCc3ccc(Cl)cc3)ccc21,sol_time,223.0
Embedding-from-fingerprints-TIMES10,CCN1C(=O)c2cccc3c(S(=O)(=O)Nc4ccccn4)ccc1c23,sol_time,508.0
Embedding-from-fingerprints-TIMES10,CCCCC(C=O)NC(=O)OC(CCC)Cc1ccccc1,sol_time,331.0
Embedding-from-fingerprints-TIMES10,C=CCn1nc(Br)c2c(Br)nc(CCC)n2c1=O,sol_time,inf
Embedding-from-fingerprints-TIMES10,O=C(C=Cc1ccc(C(F)(F)F)cc1)OCCc1c(-c2ccccc2Cl)c2cc(Cl)ccc2[nH]c1=O,sol_time,64.0
Embedding-from-fingerprints-TIMES10,O=C(NC1CC(Oc2ccc(-c3ccccc3)cc2)CC1O)C(c1ccccc1)c1ccccc1,sol_time,643.0
Embedding-from-fingerprints-TIMES10,C=CC(=O)NCCCCC(NC(=O)OCc1ccc(C)cc1)C(=O)O,sol_time,291.0
Embedding-from-fingerprints-TIMES10,Cc1cc(C=Nn2cnnc2)c(C)n1-c1cc(Cl)ccc1Cl,sol_time,inf
Embedding-from-fingerprints-TIMES10,N#Cc1nc(N2CCC(S(=O)(=O)c3ccc(F)cc3Cl)C2)cc(C(F)(F)F)n1,sol_time,3356.0
Embedding-from-fingerprints-TIMES10,CCCN(CCC1CCC(NS(=O)(=O)c2ccccc2)CC1)C1CCc2nc(N)sc2C1,sol_time,2454.0
Embedding-from-fingerprints-TIMES10,O=C(O)c1cn(C2CC2c2ccccc2)c2cc(N3CCNCC3)c(F)cc2c1=O,sol_time,613.0
Embedding-from-fingerprints-TIMES10,CCc1c(C(=O)c2cccc3ccccc23)n(COCC=C(C)C)c(=O)[nH]c1=O,sol_time,811.0
Embedding-from-fingerprints-TIMES10,COc1ccc(C(=O)Nc2cc(C(=O)NC(=N)N)ccc2OCCCN2CCN(Cc3ccc(OC)c(OC)c3OC)CC2)cc1,sol_time,inf
Embedding-from-fingerprints-TIMES10,CC(C)CC(c1nnnn1C(C)C)N1CCN(C(=O)c2ccco2)CC1,sol_time,2712.0
Embedding-from-fingerprints-TIMES10,CCNC(=O)c1noc(-c2cc(Cl)c(O)cc2O)c1-c1cccc(N2CCN(C(C)=O)CC2)c1,sol_time,525.0
Embedding-from-fingerprints-TIMES10,O=c1n(Cc2nc3ccc(C(F)(F)F)cn3c2CCCCO)c2cnccc2n1C1CC1,sol_time,1969.0
Embedding-from-fingerprints-TIMES10,O=C1NC2CCCCC2c2ccccc21,sol_time,inf
Embedding-from-fingerprints-TIMES10,CCN(CC)c1nc2ccc(C(O)(c3ccc(Cl)cc3)c3cncn3C)cc2c(Cl)c1N(C(=O)OC(C)(C)C)c1ccccc1,sol_time,408.0
Embedding-from-fingerprints-TIMES10,CCN1CCN(c2cc(C(=O)Nc3ccc(C)c(Nc4ncnc5cnc(N6CCOCC6)nc45)c3)cc(C(C)(C)C#N)c2)CC1,sol_time,3885.0
Embedding-from-fingerprints-TIMES10,COc1cc(N2CC3(CCN(S(=O)(=O)C4CC4)C3)C2)ncn1,sol_time,2523.0
Embedding-from-fingerprints-TIMES10,CC1=C(C(=O)O)N2C(=O)C(NC(=O)C(N)c3cccc4sccc34)C2SC1,sol_time,1154.0
Embedding-from-fingerprints-TIMES10,C=CCN(C(=O)CCC(=O)Nc1cc(C)on1)C(C(=O)NC1CCCC1)c1ccc(OC)c(OC)c1,sol_time,inf
Embedding-from-fingerprints-TIMES10,CC1(C)c2cc(OCC(O)CO)ccc2C(=O)c2c1[nH]c1c(C(=O)O)c(C#N)ccc21,sol_time,inf
Embedding-from-fingerprints-TIMES10,Cc1nc(C)c(CN2CCN(S(C)(=O)=O)CC2)nc1C,sol_time,4189.0
Embedding-from-fingerprints-TIMES10,O=S(=O)(c1ccc(F)cn1)N1C(CO)CCC1c1ccc(F)cc1,sol_time,inf
Embedding-from-fingerprints-TIMES10,CC(C)=CCCC(C)=CCCC(C)=CCCC1CCc2cc(O)c(C)c(C)c2O1,sol_time,299.0
Embedding-from-fingerprints-TIMES10,O=S(=O)(NC(CO)C1CCNCC1)c1ccc(Cl)s1,sol_time,161.0
Embedding-from-fingerprints-TIMES10,Cc1cc(Nc2cc(C(F)(F)F)ccn2)nc(-c2cnc(C3(N)CCCc4cc(C(=O)O)ccc43)s2)c1,sol_time,inf
Embedding-from-fingerprints-TIMES10,Cc1cc(C(=O)NC(CC(=O)NCC(C)(C)C)C(=O)NC(CCc2ccccc2)C(=O)NCc2ccccc2Cl)no1,sol_time,3621.0
Embedding-from-fingerprints-TIMES10,Cc1cccc(-c2csc3ncnc(Sc4nnnn4C)c23)c1,sol_time,218.0
Embedding-from-fingerprints-TIMES10,N#Cc1ccc(NC2CNC(C(=O)N3CCCC3C#N)C2)cc1C#N,sol_time,443.0
Embedding-from-fingerprints-TIMES10,CC(C)Oc1cccc(F)c1C1CC(F)C(=O)N1Cc1ccc(OC(F)(F)F)cc1,sol_time,311.0
Embedding-from-fingerprints-TIMES10,Cc1c(C(=O)C2CC2CN2CCC(N3CCCC3)CC2)sc2ccccc12,sol_time,2364.0
Embedding-from-fingerprints-TIMES10,CC(C)CCNC(=O)c1onc(CSc2ccccc2)c1C(=O)NCCC(C)C,sol_time,268.0
Embedding-from-fingerprints-TIMES10,Oc1ccc2c(c1)CCN(Cc1ccc3c(c1)OCO3)C2c1ccc(OCCN2CCCC2)cc1,sol_time,537.0
Embedding-from-fingerprints-TIMES10,N#Cc1c(N)ncnc1N1CCCC1c1nn2cccc2c(=O)n1-c1ccccc1,sol_time,4193.0
Embedding-from-fingerprints-TIMES10,CC(C)N(C)CC=CC(=O)N1CCc2sc3ncnc(Nc4ccc(Cl)c(Cl)c4)c3c2C1,sol_time,750.0
Embedding-from-fingerprints-TIMES10,O=c1ccc2cnc3ccc(-c4cnc5ccccc5c4)cc3c2n1-c1ccc(S(=O)(=O)N2CCNCC2)cc1,sol_time,151.0
Embedding-from-fingerprints-TIMES10,CCN(CC)CC(=O)Nc1ccc(O)c2c1C(=O)c1c(O)ccc(O)c1C2=O,sol_time,inf
Embedding-from-fingerprints-TIMES10,CCCCc1ncc(C=C2C(=O)N(CCCC)C(=O)N2CCc2ccccc2)n1Cc1ccc(C(=O)OC)cc1,sol_time,1477.0
Embedding-from-fingerprints-TIMES10,COC(=O)c1ccc(CN(CCCc2c(N)nc(N)nc2O)c2ccc([N+](=O)[O-])c(F)c2F)cc1,sol_time,4785.0
Embedding-from-fingerprints-TIMES10,NC(=O)NN=C1CCC(O)CC1CC(=O)O,sol_time,inf
Embedding-from-fingerprints-TIMES10,CCCCN1CCC(C(=O)CC)(c2cccc(O)c2)CC1,sol_time,379.0
Embedding-from-fingerprints-TIMES10,CCN1C(=O)C(c2cccc(-c3cnn(C)c3)c2)C(=O)N(c2ccccc2)c2cc(C(F)(F)F)ccc21,sol_time,978.0
Embedding-from-fingerprints-TIMES10,CCCc1c(C(=O)NCC(N)C(=O)O)[nH]c2cccc(Br)c12,sol_time,257.0
Embedding-from-fingerprints-TIMES10,C=C(C)COc1cccc(CNC(CC(C)C)c2ncnn2C)c1,sol_time,597.0
Embedding-from-fingerprints-TIMES10,COC(=O)c1ccc(OC)c(-c2cccc(C(CC(=O)O)c3nccs3)c2)c1,sol_time,1097.0
Embedding-from-fingerprints-TIMES10,Cc1c(CN(C)c2cccc3c2CCCC3)cnc2nc(N)nc(N)c12,sol_time,inf
Embedding-from-fingerprints-TIMES10,O=C(C=CNc1ccc([N+](=O)[O-])cc1)c1ccc2c(c1)CCCC2,sol_time,4964.0
Embedding-from-fingerprints-TIMES10,Cc1nc(N)ccc1CNC(=O)Cc1c(C#N)ccc(NCC(F)(F)c2ccccn2)c1F,sol_time,inf
Embedding-from-fingerprints-TIMES10,O=C(C1CCCCC1)N1CC(=O)N2CCc3ccc([N+](=O)[O-])cc3C2C1,sol_time,514.0
Embedding-from-fingerprints-TIMES10,COc1ccc2c(CN3CCOCC3)cn(CCNC(C)=O)c2n1,sol_time,2167.0
Embedding-from-fingerprints-TIMES10,COCCn1c(SCc2nc(O)c3c(C)c(C(=O)OC)sc3n2)nc2ccccc21,sol_time,3025.0
Embedding-from-fingerprints-TIMES10,NC(=O)c1cccc(C2CC3CCC(C2)N3CCN(Cc2ccccc2)C(=O)C2(O)CC2)c1,sol_time,1470.0
Embedding-from-fingerprints-TIMES10,CC(=O)N(CC(Cc1c[nH]c2ccccc12)NC(=O)CN1CCN(c2ccccc2)CC1)c1ccccc1,sol_time,107.0
Embedding-from-fingerprints-TIMES10,COc1ncc(Nc2ncc(C(C)(C)O)nc2-c2cc(N)nc(C)n2)cc1F,sol_time,2630.0
Embedding-from-fingerprints-TIMES10,Nc1nc(O)c2[nH]cc(Cc3cccs3)c2n1,sol_time,915.0
Embedding-from-fingerprints-TIMES10,COc1ccc(C2=C(c3ccc(OCc4ccc5ccccc5n4)cc3)C(=O)N(C)C2)cc1,sol_time,302.0
Embedding-from-fingerprints-TIMES10,CC(C)CNC(=O)C(Cc1c[nH]c2ccccc12)NC(=O)OCCCCN,sol_time,321.0
Embedding-from-fingerprints-TIMES10,Cn1c(OC2CCN(c3ccc(CN4CCCCC4)cc3)CC2)nc(-c2ccncc2)cc1=O,sol_time,332.0
Embedding-from-fingerprints-TIMES10,C=CC(=O)N1CCN(S(=O)(=O)c2ccc(Nc3ncc4c(n3)N(C)c3ccc(C)cc3C(=O)N4C)cc2)CC1,sol_time,265.0
Embedding-from-fingerprints-TIMES10,CCN(c1ccc(OC)cc1)S(=O)(=O)c1c(C(=O)N2CCCCCC2)c(C)n(C)c1C,sol_time,944.0
Embedding-from-fingerprints-TIMES10,COc1ccccc1-c1ccc(C(CC(=O)O)NC(=O)C2CCN2S(=O)(=O)c2cc(Cl)cc(Cl)c2)cc1,sol_time,2261.0
Embedding-from-fingerprints-TIMES10,CN1CCN(Cc2ccc(-c3cnc(N4CCOC(Cn5nnc6ncc(-c7cccc(C#N)c7)nc65)C4)nc3)cc2)CC1,sol_time,inf
Embedding-from-fingerprints-TIMES10,COc1cc(C(=O)C(=O)N2CCCCC2C(=O)OC(CCCc2ccccc2)CCCc2ccccn2)cc(OC)c1OC,sol_time,4247.0
Embedding-from-fingerprints-TIMES10,CC1(C)CC(=O)c2cc(Cl)c(NC3CCCC3)nc2C1,sol_time,481.0
Embedding-from-fingerprints-TIMES10,CCNC(=O)C1(Nc2nc(NCc3ccccc3)nc(N3CC4CC3CN4C(=O)c3cccc(C(F)(F)F)c3)n2)Cc2ccccc2C1,sol_time,inf
Embedding-from-fingerprints-TIMES10,CCN(CC)CCNc1ccc(CO)c2oc3ccccc3c(=O)c12,sol_time,148.0
Embedding-from-fingerprints-TIMES10,CN1C(C(=O)O)CCCC1C(=O)O,sol_time,529.0
Embedding-from-fingerprints-TIMES10,CCCCN(CCCC)CCCOc1ccc(S(=O)(=O)c2c(C(C)C)nn3ccccc23)cc1,sol_time,3849.0
Embedding-from-fingerprints-TIMES10,Brc1cccc(-c2nsc(-c3cccc(Br)c3)n2)c1,sol_time,3804.0
Embedding-from-fingerprints-TIMES10,Cc1cccc(CNC(=O)c2cc(-c3nnn(CC4CCC(CO)CC4)n3)cc(C)n2)c1,sol_time,inf
Embedding-from-fingerprints-TIMES10,CC(=O)NC1c2c(ccc3ccc(=O)oc23)OC(C)(C)C1O,sol_time,inf
Embedding-from-fingerprints-TIMES10,Cc1cc(C)nc(N=C(N)NCc2nc3ccccc3[nH]2)n1,sol_time,1028.0
Embedding-from-fingerprints-TIMES10,Cc1c(C(=O)N2CCC(NC(=O)Nc3ccc(C#N)cc3)(c3ccccc3)CC2)nn(-c2ccc(Cl)cc2Cl)c1-c1ccc(Cl)cc1,sol_time,4250.0
